{"version":3,"hash":{"type":"Buffer","data":"QpkEjlNi/JRC+fFYP8YayApy8i+hwoSQh0lD0zyDURBE8GgXC6tdpDkFW7TlkB1iHCaGlQAU5uUHnR1Vxxo/A5EntZvxTTG6iGM3sNsT/kA0sZves74skwZ3Ab0l+aItbE5YOWU22XqIJ8aVykWEoT45ZpYSRAWiNl/3pnSJgt0="},"indexValueMap":{"CD5XqSNRtdFQ2eD3Y79/f7MpqACipk/2nRRsFEoIuUw=":{"valueMac":{"type":"Buffer","data":"4zMqw+tJObKUGd3uMB9K452alrAeFamjSa/R4LVaweE="}},"cI9bEio9brJd2xwLJAwMoRFYBfEHhK6+E1SmCusIZj8=":{"valueMac":{"type":"Buffer","data":"KihRgGfv23TdfMneT2GVbrYO0V6Nm1eM/nXVaiQbvmk="}},"dtcFuYyCM/wLexUWGP754x2VIzKW7bX9Rc7ZWPV80zU=":{"valueMac":{"type":"Buffer","data":"5+TYjeWlFF4Y2hs4Y0h4qPlhMt2Hth5zlDIXj8/zAuA="}},"r2V2hwm+bmeamEAr3CYUus9osmKLxHVca2VXFs14CaU=":{"valueMac":{"type":"Buffer","data":"7fBH9yRE5jjI8ZvNg65zMu3vVPmEctIhlvStHYV2okk="}},"2smvhMD99NowHlAbUy/Cie3MXCUMdmdcT3lNDpDuRS8=":{"valueMac":{"type":"Buffer","data":"VLDl59jdygAXr7aBAVjFs2jsETEqxcRpUu/hlxgq+RA="}}}}