{"noiseKey":{"private":{"type":"Buffer","data":"qHs/xkB8U4Weo1Iz8+Al+J095J4zeqCNnu7jfb+Y1Uw="},"public":{"type":"Buffer","data":"vc2i9/eH3lhk9VQnhI2Zbv8CV/7p53a6BFgu+0ZHtjM="}},"pairingEphemeralKeyPair":{"private":{"type":"Buffer","data":"ED9tvJAcX6cWhXFFxByK25zlezKMslYcp2ZbxzcLyHc="},"public":{"type":"Buffer","data":"Xfo+dZtLUG4DeSy+e6tWTwsb983X3hIsBymb3vRKFkw="}},"signedIdentityKey":{"private":{"type":"Buffer","data":"UBkO0FORx6EMWRZputs7OA5tw/WtELc0NGJoWhQ8nFQ="},"public":{"type":"Buffer","data":"ISXVGJTTqcEORglPnSSD0t0GoonhmqH3fhd03OjCLHs="}},"signedPreKey":{"keyPair":{"private":{"type":"Buffer","data":"QFkEHX5zTBwn+IX6Lame/9lXlcVF/BVh+kLWGuXfeUk="},"public":{"type":"Buffer","data":"WbbYGzy3JGyd6AiWjePVB3jt7AYxqpoQxJ+5ryMp0nk="}},"signature":{"type":"Buffer","data":"aMTq9FKfV85J0TwnM7VovPi9tdlnQSV9mqI8yBIdVBtAcXQjaukijzC3IT8Y1+/u0u7ZO9HEA6dvcm4CpXuGhA=="},"keyId":1},"registrationId":177,"advSecretKey":"ynd2/H+bMxEm1Kh0XGgo7pWveATmjdjkhU+o1TXOAbI=","processedHistoryMessages":[{"key":{"remoteJid":"62815237720936@s.whatsapp.net","fromMe":true,"id":"BF90D91DFE7A2D9ABFEB0724D2D0796B"},"messageTimestamp":1717537915},{"key":{"remoteJid":"62815237720936@s.whatsapp.net","fromMe":true,"id":"DB929EE55E806BF73D7C3108E82AF517"},"messageTimestamp":1717537916},{"key":{"remoteJid":"62815237720936@s.whatsapp.net","fromMe":true,"id":"89A0142562C07C6E31DBF10E42FC0082"},"messageTimestamp":1717537935},{"key":{"remoteJid":"62815237720936@s.whatsapp.net","fromMe":true,"id":"13E91FE4D6E2FF70AFDF2004483282A2"},"messageTimestamp":1717537945},{"key":{"remoteJid":"62815237720936@s.whatsapp.net","fromMe":true,"id":"47EA52F92EED5E70480A0B74936EDEF9"},"messageTimestamp":1717537953}],"nextPreKeyId":31,"firstUnuploadedPreKeyId":31,"accountSyncCounter":1,"accountSettings":{"unarchiveChats":false},"deviceId":"cWDFkZsoRQKpLfs35IrtKA","phoneId":"3b6a8e2e-358b-48dc-ac95-eabc5f1a22de","identityId":{"type":"Buffer","data":"oJEKoaW+5bAIofCKwZyl7vZBimc="},"registered":false,"backupToken":{"type":"Buffer","data":"U3BGs3kfxuBdDLeJGPj/xX8hZlY="},"registration":{},"account":{"details":"CPu/xLYGEPWY/rIGGAIgACgA","accountSignatureKey":"xTWzoa+7CaApfSQaglhKaEfQCV62cPol2wZLL7gyQwU=","accountSignature":"q16HPdZ7/S+EDhB2qv0sN0pb9rmW5cIg45Aez9lgyZC+Z2l8VqAkFcHdPSxcqVD85oNt1KIHQAcUC2LpDJC9Ag==","deviceSignature":"a1+fea4iWRu88g+hbiE1S0jghWw8ch6ra5my33F39n4S72gK31S5xYbCXiG2pBCrFVDKqf8NFQq5AJy6C1//jQ=="},"me":{"id":"62815237720936:2@s.whatsapp.net","jid":"62815237720936@s.whatsapp.net","lid":"6073503203359:2@lid","name":"JHNNY STORE 😆"},"signalIdentities":[{"identifier":{"name":"62815237720936:2@s.whatsapp.net","deviceId":0},"identifierKey":{"type":"Buffer","data":"BcU1s6GvuwmgKX0kGoJYSmhH0AletnD6JdsGSy+4MkMF"}}],"platform":"android","routingInfo":{"type":"Buffer","data":"CA0ICA=="},"lastAccountSyncTimestamp":1717538867,"myAppStateKeyId":"AAAAAHAz"}