[{"senderKeyId":449404805,"senderChainKey":{"iteration":11,"seed":"0UipOg615DvPCRHLAtgNlbVsdPg8WMF88RdeOaAkASk="},"senderSigningKey":{"public":"BSCbRKKBQlIi0b7mjG+jDqZGwaOdpMafIT/oVjUESLsh","private":"sNIB3LFf7RcZUhWuwiGtEPlhOnvhR32OHBWgLdHmd20="},"senderMessageKeys":[{"iteration":1,"seed":"6qraXLzSynwc3ZS4RjhSHxbSz6BvPe7xuZiU+oYIN4o="},{"iteration":3,"seed":"3idz8BNpcaHLe9+6AMH/IG60TG41QE9tGZddwN9A1eE="},{"iteration":5,"seed":"/4sNZuz5r5WvAGV9f26z7eAVGRg3bpuwln5SGlEjE+U="},{"iteration":7,"seed":"5uWvHde1So1wE83mQMDXMaGUM0FVXCs0zkkngPiIIoE="},{"iteration":9,"seed":"erAo8tL+xlVOGJ2JzNCR4/V3vIFtkTVTQFgLHAYOZfY="}]}]