[{"senderKeyId":2055743772,"senderChainKey":{"iteration":113,"seed":"W7O5zLnp1xOV3/UpicXwnKeSgh9muu3SlZ07LIcoVn8="},"senderSigningKey":{"public":"Bcu3qYr8cWovCC3HVBJTlG4CML3oxSWmtGTv/UoCRmle"},"senderMessageKeys":[{"iteration":47,"seed":"JfxSjtaoahZWuvxhYmjFFHdIYhVUDVheOIEQdA9OTRU="},{"iteration":49,"seed":"YL3r1OFl+CbnOxrD1H4dxOM6kC9Idr/D2d0OFnjdixg="},{"iteration":51,"seed":"SxPXGfpYdnssf5wAwPemYBrVLuRd7nhz5w0J4ZNX5ZQ="},{"iteration":53,"seed":"FABhK9ptVXYHMSfrJkYmuJeyVrabeNXuBUWVo8UZQSw="},{"iteration":55,"seed":"hnGadwT8hF86aGyHuyZRIkSs6OpwiTfX74GDIw1e9UY="},{},{},{},{},{},{},{},{},{},{},{},{},{},{},{},{},{},{},{},{},{},{},{},{},{},{},{},{}]}]