{"_sessions":{"Bdexyw7080ukGucAjXIMosC7ejdxvpZPZ8pzMJ4MSVYQ":{"registrationId":223786225,"currentRatchet":{"ephemeralKeyPair":{"pubKey":"BctoWqCi91EJlPeL+MH7TpW2sZqO4NrHkbxoRBl/mSVS","privKey":"sIa/pvKTuxZ1UkwC84p5NF7gffSMEx67WIuC2UXkdWg="},"lastRemoteEphemeralKey":"Bfe5fr/GJXFHlF9xgAPnhgvuTlYEYvK7zyHzzbD7NRA+","previousCounter":0,"rootKey":"DfgdYbiR48QNSU9xmwgo00nLoW8jaYv/X2qcF+HNrF4="},"indexInfo":{"baseKey":"Bdexyw7080ukGucAjXIMosC7ejdxvpZPZ8pzMJ4MSVYQ","baseKeyType":1,"closed":-1,"used":1717552646232,"created":1717542675514,"remoteIdentityKey":"BZHPNDYMSRSgUbujQFuo5CTKGlIASStA1VC5hh+qGFAh"},"_chains":{"BftYC0asaUSjrfh9Q8wKOC/SIJ5EJK31UgPPtbxhyA95":{"chainKey":{"counter":0},"chainType":2,"messageKeys":{}},"Bfe5fr/GJXFHlF9xgAPnhgvuTlYEYvK7zyHzzbD7NRA+":{"chainKey":{"counter":1,"key":"tVkIJhVa4vPEp+4JoIe7Wul9wFza9Muw3W5EU8xQzCs="},"chainType":2,"messageKeys":{"0":"K9fBr4xeYQXO+hre6Y8hiTUPb6ytc3a5+T8jOcC9h0g="}},"BctoWqCi91EJlPeL+MH7TpW2sZqO4NrHkbxoRBl/mSVS":{"chainKey":{"counter":0,"key":"NB2C4uYuX2E8OssioEMhPucUT4UCt62M/1LDafH7+Io="},"chainType":1,"messageKeys":{}}}}},"version":"v1"}