{"_sessions":{"Bah40TRIMIdHwW4VOnOZsdDxSBYPl+IdVwqAfXbVriBY":{"registrationId":529971745,"currentRatchet":{"ephemeralKeyPair":{"pubKey":"BUZyv103v2WonTW0/VGe6EvbDiT7VlESQgTesLJEqxFS","privKey":"+C8t8ORYA9P5iZlUU0vvCCNPohgYZa4TikFEsaC583c="},"lastRemoteEphemeralKey":"BYpzMhM1kYjr+p+C0gdjoHT8BUUtjDdCx/27pJF3Lf49","previousCounter":3,"rootKey":"evNkGnVPcs5IWwFCd4r70mNZEifdtMtquzlhPrEK5jw="},"indexInfo":{"baseKey":"Bah40TRIMIdHwW4VOnOZsdDxSBYPl+IdVwqAfXbVriBY","baseKeyType":1,"closed":-1,"used":1717646676872,"created":1717542675520,"remoteIdentityKey":"BXxN3fLAwj3uTQ6DsAgcPYTe7kAI8zDLNg7iCnjd3hIe"},"_chains":{"BYpzMhM1kYjr+p+C0gdjoHT8BUUtjDdCx/27pJF3Lf49":{"chainKey":{"counter":0,"key":"kpDbCJM8hW4ryQnXhK7nHaWHZJ0o8FURL+8hV67dLpg="},"chainType":2,"messageKeys":{}},"BUZyv103v2WonTW0/VGe6EvbDiT7VlESQgTesLJEqxFS":{"chainKey":{"counter":-1,"key":"jGpZzXir0aMQkQaE+KK99uHSTBxG2gM+nM/bIZ1TroI="},"chainType":1,"messageKeys":{}}}}},"version":"v1"}