{"_sessions":{"BSiQTj/dhm3ER3s0kUysIR+4YxnZqqN0PetzDJMlM9cL":{"registrationId":120,"currentRatchet":{"ephemeralKeyPair":{"pubKey":"BeDDGyZCSUxM91Gu5E2GoHJyXNbRiwWIGx0Uw/mYptIS","privKey":"kMBt3pbAcM4C6VESAKYy3W+vcgEmyAjf4/p+4Ze0Q3Y="},"lastRemoteEphemeralKey":"BYxcN/6z1qkqPB9SGM7rroXkKHhz4GL3JhLwIuUZYYkG","previousCounter":0,"rootKey":"fjFJVoeLrpFUt5V23/3USQ6pIxmaBfYm7aA/wagqewE="},"indexInfo":{"baseKey":"BSiQTj/dhm3ER3s0kUysIR+4YxnZqqN0PetzDJMlM9cL","baseKeyType":1,"closed":-1,"used":1717542675496,"created":1717542675496,"remoteIdentityKey":"Ba1s6xyaXrFBnRVgBPrqp3lNGmiBSOfk8IQ6X6IiGP0T"},"_chains":{"BeDDGyZCSUxM91Gu5E2GoHJyXNbRiwWIGx0Uw/mYptIS":{"chainKey":{"counter":3,"key":"106opYdd7rnJ+18RteLCFQp5nx2MJt8EbeTWQpyZDq4="},"chainType":1,"messageKeys":{}}},"pendingPreKey":{"signedKeyId":1,"baseKey":"BSiQTj/dhm3ER3s0kUysIR+4YxnZqqN0PetzDJMlM9cL","preKeyId":114}}},"version":"v1"}