{"_sessions":{"Bb5YC37vAakyiULSg5hLLNlD0P9Y1MYQqDRF23OvrVYh":{"registrationId":871030357,"currentRatchet":{"ephemeralKeyPair":{"pubKey":"BW88W+j41bnGS4r8z418p7Y2w8xRJxEx1D55q4JsekMY","privKey":"SP1XHyMdIZO1KzIx43yaJjhzEHLl8HJsIXvWtXDqrXU="},"lastRemoteEphemeralKey":"BYoS+t4T6fXdebm64SByMSP4Y3Ap3u+kF3ZKTf1KnVIW","previousCounter":3,"rootKey":"w18hd6LDkDpsAyIPg2VXE0r22XFFqr5P+Z3tRIPgvyo="},"indexInfo":{"baseKey":"Bb5YC37vAakyiULSg5hLLNlD0P9Y1MYQqDRF23OvrVYh","baseKeyType":1,"closed":-1,"used":1717630691574,"created":1717542675510,"remoteIdentityKey":"BUAJGaZ3vZLx3+or2l64m0SG2rsZ3k4/SjYwq5v5YKQT"},"_chains":{"BYoS+t4T6fXdebm64SByMSP4Y3Ap3u+kF3ZKTf1KnVIW":{"chainKey":{"counter":0,"key":"wOgSqK4Hqw+ReFAZqw91F+TY0yvLCShgdC75rH6kGyo="},"chainType":2,"messageKeys":{}},"BW88W+j41bnGS4r8z418p7Y2w8xRJxEx1D55q4JsekMY":{"chainKey":{"counter":-1,"key":"GsDv9d+4ep66qgN/NKOVEXsAkFMxXLLqfYHoaMYwpBU="},"chainType":1,"messageKeys":{}}}}},"version":"v1"}