{"_sessions":{"BdMrg1dcNW96G9eS3MBy1MezS3B0lqP7eFXv62TyKnFm":{"registrationId":6321,"currentRatchet":{"ephemeralKeyPair":{"pubKey":"BWAeK/0U0pw8aT/8xhd4aL7lBhBWGKtntYSjrnXeZddA","privKey":"+JDhyvyRFkmvpkkCriXoBdrMJWc0Dn3uYlT1qh1eEG0="},"lastRemoteEphemeralKey":"BZw5JV/9qirG8ZtBI3Ag0f1Uql1/MDYtoWABsetL8BgX","previousCounter":0,"rootKey":"X7XbzWSpSYFofd1jWUWCqdHVqKz99E8stN0j+iPtTZ8="},"indexInfo":{"baseKey":"BdMrg1dcNW96G9eS3MBy1MezS3B0lqP7eFXv62TyKnFm","baseKeyType":1,"closed":1717537985739,"used":1717537985673,"created":1717537985673,"remoteIdentityKey":"BSf89Ws2FnCKZoSr/6wKwMHDdAHbRM3V/Youj/A1s+gQ"},"_chains":{"BWAeK/0U0pw8aT/8xhd4aL7lBhBWGKtntYSjrnXeZddA":{"chainKey":{"counter":-1,"key":"xWszjj6IA1dX3A7NoQbkQbl1Hc+Zn/XSOypDRaFw3/g="},"chainType":1,"messageKeys":{}}},"pendingPreKey":{"signedKeyId":1,"baseKey":"BdMrg1dcNW96G9eS3MBy1MezS3B0lqP7eFXv62TyKnFm","preKeyId":534}},"BbediX3hdLyTzUwgHrmP4yHHaRZJbVeN0YPJUnjTtBNS":{"registrationId":6321,"currentRatchet":{"ephemeralKeyPair":{"pubKey":"BcO6j4EI9f4w7aC5kpsbSAk/j6Mz2/P3c7LUzJnmpCwZ","privKey":"YI86kLG0zLwzbRhp84BCU2kGqY04w00Da/qJXUVUMlw="},"lastRemoteEphemeralKey":"BbSwiGaeVTzxUHNIUa2UXpPJKCFiz9YPxpWxI2fJUlJB","previousCounter":77,"rootKey":"uxQv2ySfQnsM3Cf3xzQwZ4HbaoEbDo+ICNCKAFYkuac="},"indexInfo":{"baseKey":"BbediX3hdLyTzUwgHrmP4yHHaRZJbVeN0YPJUnjTtBNS","baseKeyType":1,"closed":-1,"used":1717545907366,"created":1717537985738,"remoteIdentityKey":"BSf89Ws2FnCKZoSr/6wKwMHDdAHbRM3V/Youj/A1s+gQ"},"_chains":{"BbSwiGaeVTzxUHNIUa2UXpPJKCFiz9YPxpWxI2fJUlJB":{"chainKey":{"counter":0,"key":"SccqaDESCklDEZY+y8X9Rp2pHejuf+C9ksMFaxT3lX8="},"chainType":2,"messageKeys":{}},"BcO6j4EI9f4w7aC5kpsbSAk/j6Mz2/P3c7LUzJnmpCwZ":{"chainKey":{"counter":57,"key":"MGxfgg++JAPzRz0Cr40kt1wD5DoX7LIUQGEtGy4tIwI="},"chainType":1,"messageKeys":{}}}}},"version":"v1"}