{"_sessions":{"BZM+ccLBqcZyAJ5NRWBsiIbZmwOK8cQMoNvTQXFjY91r":{"registrationId":13,"currentRatchet":{"ephemeralKeyPair":{"pubKey":"BXWS3P4ke7NNrI6ULqF6g2kGz31SN3NK0IQpqHdphf1g","privKey":"uEUlg+hSA1xTy/ze0lWHFwyeAk2H4OXSdXBoLDOx1kU="},"lastRemoteEphemeralKey":"BXFnd+oxVrxZrGW9coA8H1cbfFpedAloYr9xq1tE2MME","previousCounter":0,"rootKey":"NuLN7TCN0PR3EKL4g8cw7yNe8mPjNVc9wYK62ANg5yc="},"indexInfo":{"baseKey":"BZM+ccLBqcZyAJ5NRWBsiIbZmwOK8cQMoNvTQXFjY91r","baseKeyType":1,"closed":1717537985712,"used":1717537985663,"created":1717537985663,"remoteIdentityKey":"BYk6Qq5ST92bAKkUiSxRAW4q6yQxK5Kfn7ErVmsV2nFh"},"_chains":{"BXWS3P4ke7NNrI6ULqF6g2kGz31SN3NK0IQpqHdphf1g":{"chainKey":{"counter":-1,"key":"scy8lrrrSonq/yfQKEgLqcIY9trhXp6NM9NJ9P9Qcjc="},"chainType":1,"messageKeys":{}}},"pendingPreKey":{"signedKeyId":1,"baseKey":"BZM+ccLBqcZyAJ5NRWBsiIbZmwOK8cQMoNvTQXFjY91r","preKeyId":22}},"BUln0LD1ekxubVA16vs4qP4UZ6M7UFUQ2cCpsMwbPlFg":{"registrationId":13,"currentRatchet":{"ephemeralKeyPair":{"pubKey":"BVtyaW9XNLufgp5Dk1N4iPNXxKcPhB51P9RaapLdFP85","privKey":"WK0HoDI3YGKWwGklJzwgmPwublXH7kBBjlPUV9GqY0Q="},"lastRemoteEphemeralKey":"BXFnd+oxVrxZrGW9coA8H1cbfFpedAloYr9xq1tE2MME","previousCounter":0,"rootKey":"XqB0qEVT84+HS9YVemR34uhjvJXIpkZABVtc4DPgLsE="},"indexInfo":{"baseKey":"BUln0LD1ekxubVA16vs4qP4UZ6M7UFUQ2cCpsMwbPlFg","baseKeyType":1,"closed":-1,"used":1717537985710,"created":1717537985710,"remoteIdentityKey":"BYk6Qq5ST92bAKkUiSxRAW4q6yQxK5Kfn7ErVmsV2nFh"},"_chains":{"BVtyaW9XNLufgp5Dk1N4iPNXxKcPhB51P9RaapLdFP85":{"chainKey":{"counter":135,"key":"HZZOGPP5Xlzzc9OqqjGayGhgcDpvv8qK+SyrsWjeX7M="},"chainType":1,"messageKeys":{}}},"pendingPreKey":{"signedKeyId":1,"baseKey":"BUln0LD1ekxubVA16vs4qP4UZ6M7UFUQ2cCpsMwbPlFg","preKeyId":21}}},"version":"v1"}