{"_sessions":{"BXNlAZrdwXObCsQ/2WQ72lqooKPRKTatICYISL1mkK5Z":{"registrationId":1027573665,"currentRatchet":{"ephemeralKeyPair":{"pubKey":"BanR88naXXpOGtT3RcOhiOcyq0DK9A5PqeFl6xdudKUt","privKey":"wBRom5zMjlCyDr8BAEBmr+pNdcQZdhpNmEZygoLaJWQ="},"lastRemoteEphemeralKey":"BSlL+wuGjyVK27s+Q3+ruVPhiNRTcdciLD4HwmDBTGUB","previousCounter":0,"rootKey":"mwj0YiGrDNVkZJ/pSQsNqVnU7MQ0jmhb2OKhVOyhrX4="},"indexInfo":{"baseKey":"BXNlAZrdwXObCsQ/2WQ72lqooKPRKTatICYISL1mkK5Z","baseKeyType":1,"closed":-1,"used":1717551527419,"created":1717551527419,"remoteIdentityKey":"Ba6aWytRoH9SNuB+nDkyAgcSvv92yR7KP4j6BTvnWiZF"},"_chains":{"BanR88naXXpOGtT3RcOhiOcyq0DK9A5PqeFl6xdudKUt":{"chainKey":{"counter":0,"key":"nZVr6Zel6WC/PfY46rz5yz5A0uYGc/ZptdyJkh8t2GY="},"chainType":1,"messageKeys":{}}},"pendingPreKey":{"signedKeyId":1,"baseKey":"BXNlAZrdwXObCsQ/2WQ72lqooKPRKTatICYISL1mkK5Z","preKeyId":3246532}}},"version":"v1"}