{"_sessions":{"BUSV2OsXA7vgLiD1uN2aGrcbFsMQ5xXmWufSXEAYKH1l":{"registrationId":694417120,"currentRatchet":{"ephemeralKeyPair":{"pubKey":"BVmtOApa1eDNqxa6wzyb/ESCUbg4YIsL9RoaWLz4Hlgp","privKey":"SFs+c5bsNrqtNu4oYGWMhFFpWV+/GZC+AmJU5062NEk="},"lastRemoteEphemeralKey":"BStrA1uT9D5hDmTpThQ378kXQoU2SNlAO8e3om2qT2EB","previousCounter":0,"rootKey":"md0vawFThV8qBCPkgWOb3UNwhnSN9Q850uycYjXT/as="},"indexInfo":{"baseKey":"BUSV2OsXA7vgLiD1uN2aGrcbFsMQ5xXmWufSXEAYKH1l","baseKeyType":2,"closed":1717542676043,"used":1717542672919,"created":1717537985218,"remoteIdentityKey":"BWroajcV0wYvrddxUiBQdyoF+D3TrosXA/gxG2YrmYwy"},"_chains":{"Bd1FHY4xfMBiIU/pBtO267osnDC1ww7W+dYiCuwvArJc":{"chainKey":{"counter":0},"chainType":2,"messageKeys":{}},"BUsgmx4a+CzL7EixViY82t4NS2ScX/vsDSzvLf75Qmd7":{"chainKey":{"counter":0},"chainType":2,"messageKeys":{}},"BdQOrmbNoYq6vs7RiFh0EhLlg4VcCCIvzuPcI7TprXY0":{"chainKey":{"counter":0},"chainType":2,"messageKeys":{}},"Bb2fOwIUFP7gNZpeLFrImPlM+ilhS2JTzFbQz8p/LxUK":{"chainKey":{"counter":1},"chainType":2,"messageKeys":{}},"BefciK+Me5kqOPoZaOO41Gvj/gjNWmMTALEGv9CU+FoM":{"chainKey":{"counter":0},"chainType":2,"messageKeys":{}},"BekpO7TH4nstjuYyevW49k3TpsvHVPFy1oGnvW6LyBlN":{"chainKey":{"counter":2},"chainType":2,"messageKeys":{}},"BcUnJ++6ZwnHN5WDQkzuL2Bkr1c4wHkvvwLrryEXcJR7":{"chainKey":{"counter":0},"chainType":2,"messageKeys":{}},"BRX8V005lqGEyJqNN0yyeKKkSqduac1ZGR2lwDxXkuoR":{"chainKey":{"counter":0},"chainType":2,"messageKeys":{}},"BYM1JWyCZSknMQTRHs1wcZJn7iMWCZLfhjXrQJC3OB0K":{"chainKey":{"counter":0},"chainType":2,"messageKeys":{}},"Ba+lzfFMXp3nmQGt/ai529/NIKHyxLJpONxFdi3I+c8E":{"chainKey":{"counter":0},"chainType":2,"messageKeys":{}},"BTVWDefVbL9Er8kDTQOy94gwZKToiWFuKJmAr3nEmFo+":{"chainKey":{"counter":0},"chainType":2,"messageKeys":{}},"BfKaJrMJaAGx/TkTu/RP/um6o3kVLd9Ye+0HFgHCqX5x":{"chainKey":{"counter":0},"chainType":2,"messageKeys":{}},"Bcw+NvyFgUAFqguf4OYOMF3IXVSi7RxoYn1fritBho5/":{"chainKey":{"counter":0},"chainType":2,"messageKeys":{}},"BY28suoubyU7JL3Y9dH3uWrA2pdEM/m6b72oTFXUBv8y":{"chainKey":{"counter":0},"chainType":2,"messageKeys":{}},"BdsNeli4Y2bxxkvGDVxcnKiW47hmo4UE+xJsjdpyb4wT":{"chainKey":{"counter":0},"chainType":2,"messageKeys":{}},"BRnUniJp24oMZzejn/zYdficP91fG8XeSzMi2ZhHW6Z0":{"chainKey":{"counter":0},"chainType":2,"messageKeys":{}},"BYUYtJ6jwlcDoqMMugYT0kC5t2Rq+deW/Yy7Y8Uww41d":{"chainKey":{"counter":0},"chainType":2,"messageKeys":{}},"BW4L2r8EqKAkrpMsaIwtcr0jbnIDghwhguNQ1awfSVBd":{"chainKey":{"counter":0},"chainType":2,"messageKeys":{}},"BS5n7YNwwxm2Ps+6shp8VLurBOrS07qmc5mWIMkgqD5r":{"chainKey":{"counter":0},"chainType":2,"messageKeys":{}},"Bfiez2JDsdZ8oPJVfdSWBxoKzPZY2TFSPDQZuw7+/484":{"chainKey":{"counter":0},"chainType":2,"messageKeys":{}},"BSM4qwdVvTVfpP5+cFRtFTPAzDoJHDn9XyjTiBcXc5wX":{"chainKey":{"counter":0},"chainType":2,"messageKeys":{}},"BTAZLpJ9NYdTAqaKwwKbeV7k7y+Mi02DIBFs8tBRTrsh":{"chainKey":{"counter":0},"chainType":2,"messageKeys":{}},"BdLyuShgBpOr6NAP2CPsNe7p24eoI696t/j7miu0zJ1p":{"chainKey":{"counter":0},"chainType":2,"messageKeys":{}},"BYBE8nRAbKwpY8rlAHxHCnWzzS1Ldh4k0ZwCiZTrdj9L":{"chainKey":{"counter":0},"chainType":2,"messageKeys":{}},"BYXvfI3k1uGfO/t47EvzciZ+iHjMGVAqmf83fGd12M9h":{"chainKey":{"counter":0},"chainType":2,"messageKeys":{}},"BaW80P2txEJxdaoAWssRRqYx1jsI2fvXNx0R/c5nCXpg":{"chainKey":{"counter":0},"chainType":2,"messageKeys":{}},"BfXOWYPdHNU6uqtIMovcd4E7H/pGDVWXmKocGSoFOlpp":{"chainKey":{"counter":0},"chainType":2,"messageKeys":{}},"Bf/zoshJgHmfGHWwKQc2BuCrRcgv9nhm34/+wpci0Hof":{"chainKey":{"counter":0},"chainType":2,"messageKeys":{}},"BffddrrrRbc0/5xJfawPF6t+3nNwPLKqLADb8lcXPGlg":{"chainKey":{"counter":0},"chainType":2,"messageKeys":{}},"BZibQuYEc55qX7TOR0Owlfjp3Rw7zwXkOHx00pDL/EtQ":{"chainKey":{"counter":0},"chainType":2,"messageKeys":{}},"BXisu0dTwfCiLiaGI0axvT67M/75GoG7vyTHYkBctOF2":{"chainKey":{"counter":0},"chainType":2,"messageKeys":{}},"BfAy8TCuCXRa2ebtkvFqdacEF5l19ImyTQV6tgh2Pa8Y":{"chainKey":{"counter":0},"chainType":2,"messageKeys":{}},"BdgpjYpIwL7OECxQ6As0qb6ZYqpGazp4YdpLHMvuJrlN":{"chainKey":{"counter":0},"chainType":2,"messageKeys":{}},"BfPNjYPC9eOhnF0r9xmwdQQVCcO7dicTjqNHWlyvLc4H":{"chainKey":{"counter":0},"chainType":2,"messageKeys":{}},"BZ8FzXNXQwbFRaGl5ohDPm4blenhpcbf4+QA2rRbZKtC":{"chainKey":{"counter":0},"chainType":2,"messageKeys":{}},"BRqbaQ1iFgQMXpEWXNdPNlI132ZThWJX9sktLjZKPWQp":{"chainKey":{"counter":0},"chainType":2,"messageKeys":{}},"BcBnXAUIegVsx4sHCm34jd+OtjICa5SvtRC9XfZTwvAj":{"chainKey":{"counter":0},"chainType":2,"messageKeys":{}},"BQkteta2BDIQpMY4f8tKR3n4BUAyDQkeZkP/Gm85I5wp":{"chainKey":{"counter":0},"chainType":2,"messageKeys":{}},"BWpFkfgORHTW6zxeefa+hd0wyq7wVs7cXMpvNxBCT8xL":{"chainKey":{"counter":0},"chainType":2,"messageKeys":{}},"BaSp3/o6oLV/1XqGupGu5lILYw2ltpeKqWHaiIWR2Xsd":{"chainKey":{"counter":0},"chainType":2,"messageKeys":{}},"BStrA1uT9D5hDmTpThQ378kXQoU2SNlAO8e3om2qT2EB":{"chainKey":{"counter":0,"key":"Ppei0jfx2AEt64E3HJlhzuHmiUJXbjjR5THAO9cQbhw="},"chainType":2,"messageKeys":{}},"BVmtOApa1eDNqxa6wzyb/ESCUbg4YIsL9RoaWLz4Hlgp":{"chainKey":{"counter":-1,"key":"hbKY+FVAeGVW4aw8ZSHKMZ+6RaT8CW9sV+1UEJDYw6M="},"chainType":1,"messageKeys":{}}}},"BW6YHgAWTMatEvJJpfLqVfwTtAnxsfAo6mt5ioIt+YMd":{"registrationId":694417120,"currentRatchet":{"ephemeralKeyPair":{"pubKey":"BcIjpza1QfuqwCde+VW2Nu7fvKer5lM7FgCfJT7ygZEN","privKey":"6Mq14fzC9a12ATjBiO44+PjuXxy7Xu5aP/7T7gnWLEU="},"lastRemoteEphemeralKey":"BTokBQzDdTeLvaTd0UmR+k3RIqrjshVHA08103eiw/Ju","previousCounter":0,"rootKey":"A6qX7lF2pFwlGhqdtMHxXZHbsGn/hH3uPlj+sMQPMLY="},"indexInfo":{"baseKey":"BW6YHgAWTMatEvJJpfLqVfwTtAnxsfAo6mt5ioIt+YMd","baseKeyType":1,"closed":1717553347172,"used":1717553345521,"created":1717542676041,"remoteIdentityKey":"BWroajcV0wYvrddxUiBQdyoF+D3TrosXA/gxG2YrmYwy"},"_chains":{"Bf7eBz48Pf/jelE/ZOHhsZRM0liqN126NivFeq/lop5S":{"chainKey":{"counter":0},"chainType":2,"messageKeys":{}},"BUG3PGy1XK2hCZfHxcbOR2BopgaXyw5S0INDJ/h+NYsz":{"chainKey":{"counter":0},"chainType":2,"messageKeys":{}},"BYixPtn6BDKeVNnSlHRMg2PGST67UMl8HosloCq+VPw5":{"chainKey":{"counter":0},"chainType":2,"messageKeys":{}},"BfMe4h/YGlJY7FiJn5HTb5GkyBcHnnDh62mWxYihNjI9":{"chainKey":{"counter":0},"chainType":2,"messageKeys":{}},"BTlfWCC4hz6dE+QwscAkf8HXoiGX39xBL7XQkXO/MUxJ":{"chainKey":{"counter":0},"chainType":2,"messageKeys":{}},"BQP6se8FMg/boceBxCMDyJYNPTtYc2BrMCclHWjfEeEM":{"chainKey":{"counter":0},"chainType":2,"messageKeys":{}},"BWWUOlQAlMCN+8N6k4v512woEp0K5JfqHVZ1pHSztG13":{"chainKey":{"counter":0},"chainType":2,"messageKeys":{}},"BZa3Fs7vlE5AgtmQLgQgSAD6VKE50CP6JtEsaTc2uRkR":{"chainKey":{"counter":0},"chainType":2,"messageKeys":{}},"BQ4yYINai5bu5UbpfYUlt779wKRCXgZMzht48Cqh5wkm":{"chainKey":{"counter":2},"chainType":2,"messageKeys":{}},"BZDuQRnySn/5DqMw6Fu4SAewFLSxSa/yIRF+eYy6CQcd":{"chainKey":{"counter":0},"chainType":2,"messageKeys":{}},"Bdj4Z27+C+HPhG5as0H+QGKA+DaRLjfJzqk0uM0m/rtw":{"chainKey":{"counter":0},"chainType":2,"messageKeys":{}},"BSb4qNxUo9U/SF0M5EUVBj6otNStZB9OK6W4IoxK4uBe":{"chainKey":{"counter":0},"chainType":2,"messageKeys":{}},"BZt4ZaKhkAb9qJmTTuO7ToqHmHQnS8eyqOZyv9JUJjVW":{"chainKey":{"counter":0},"chainType":2,"messageKeys":{}},"BW4i3e8sRyDz8NnLDyDjsJvNWbRJEUF8YFwMZETrmo05":{"chainKey":{"counter":0},"chainType":2,"messageKeys":{}},"BYfEOO5knVwcuvEwXYpBSJaG/hMUp74Di/QWVNUTiT8V":{"chainKey":{"counter":0},"chainType":2,"messageKeys":{}},"BTGl5dnKbwpMePVJovqQkHlVBECtrzHG5oBvZPZ4a9BN":{"chainKey":{"counter":0},"chainType":2,"messageKeys":{}},"Ba74OQVLbw3yuaU75Gy3DUAY+fR87VBjYBDGR6VY/FMs":{"chainKey":{"counter":3},"chainType":2,"messageKeys":{}},"BZ26yqmDFYnDA9mjO+NiJzZ1uwoqalId9c9hNvwofwMs":{"chainKey":{"counter":0},"chainType":2,"messageKeys":{}},"BTAl8F0jgoYCb2vLWG08l79/B0TEGjX8qVNXSH3avT40":{"chainKey":{"counter":0},"chainType":2,"messageKeys":{}},"Bejl5O4JEx9YclQYAXfjbufrcm1zI1qgoXXOnNtBUMFC":{"chainKey":{"counter":0},"chainType":2,"messageKeys":{}},"BacvGZjH4Q6AogrhzGkdSbo0TqLmwMZHalk97P17z/F2":{"chainKey":{"counter":0},"chainType":2,"messageKeys":{}},"BRjROttkCCykGpIuqbJskgAYjuqchwimvCVSjRrsW5Bz":{"chainKey":{"counter":4},"chainType":2,"messageKeys":{}},"BT6t3E/jVe+qufKjBPVX/HotQPIEu33fkqGih7AjuiZH":{"chainKey":{"counter":9},"chainType":2,"messageKeys":{}},"BRl8NoJh9lFqqHBHTBDd9aSNAd5Dv5THyznHXuE8zttz":{"chainKey":{"counter":1},"chainType":2,"messageKeys":{}},"Bdj1YtgCqXg1qWuf74WWrWrt/9DXmPTGM4OLaMaWyTIe":{"chainKey":{"counter":1},"chainType":2,"messageKeys":{}},"BSjyEO/Hh+KwfujBmf6qW/lSJtIFxnZpw1uJFLoubeZ+":{"chainKey":{"counter":0},"chainType":2,"messageKeys":{}},"BaDeBchJ0da+F7aITauxXK17vezUQQXNvoyAEjrITPV9":{"chainKey":{"counter":0},"chainType":2,"messageKeys":{}},"BT76USfv6K1QfoBY8Kovya2I+10sjn7X99xmhWczPSct":{"chainKey":{"counter":1},"chainType":2,"messageKeys":{}},"BcuSMYGNLOmiZA9R+7drfKYQ1avhDGi43UcQoE6ovNxW":{"chainKey":{"counter":0},"chainType":2,"messageKeys":{}},"BaQheTOOlcDXadIcCqL6vA9OnSWYCltmuInn5FCKvUAn":{"chainKey":{"counter":0},"chainType":2,"messageKeys":{}},"BdEc6D5LrOcgQchD7oLOfDoLzbG4qSD4HhrCgqaPlvcE":{"chainKey":{"counter":0},"chainType":2,"messageKeys":{}},"BTI//aw/a7C2za6GHA39IbQE6sP2jyAIAo7cRZ/06FQ+":{"chainKey":{"counter":0},"chainType":2,"messageKeys":{}},"BeoTKghAssJpU6RylkJtYqHWS7n0y8FixNrThXz98EgT":{"chainKey":{"counter":0},"chainType":2,"messageKeys":{}},"BTBVKaouM60pOBB1RvOeKjx3yXNhUMdfaiV7ZTUfbSty":{"chainKey":{"counter":0},"chainType":2,"messageKeys":{}},"BduhqGfAbIxBEwechrKsDm0ennhFabSKXjWyN+qJywlY":{"chainKey":{"counter":0},"chainType":2,"messageKeys":{}},"BXLYBlb7LDlOsEolRooun2YEv35l5R9m9S2BdyDKMn9O":{"chainKey":{"counter":0},"chainType":2,"messageKeys":{}},"BeauDUyGjFj2edXPcWRiJTwxcYG7RN/zE83v7Y4EhOQk":{"chainKey":{"counter":0},"chainType":2,"messageKeys":{}},"BVR/a87pC8/LoweabWvTh+CGnKxB5R0+ptYZe5tu8U1p":{"chainKey":{"counter":0},"chainType":2,"messageKeys":{}},"BREpo0I71RWBcB/kcIgZtFk9RjM2hE/9kqMCBZqqi2hK":{"chainKey":{"counter":0},"chainType":2,"messageKeys":{}},"BZMsIro+q+3yMCh/76pn+49kISJr873MOoOHkoWsC5Y4":{"chainKey":{"counter":0},"chainType":2,"messageKeys":{}},"BYQgPsY09OwjEQAaAh37NBMdNt1GHqvI/5PYBjpy6swP":{"chainKey":{"counter":0},"chainType":2,"messageKeys":{}},"BaXLh1F3XYK4xZxj4Jt2edU/GcqkNCnaZ5GGupnDHAQP":{"chainKey":{"counter":0},"chainType":2,"messageKeys":{}},"BTokBQzDdTeLvaTd0UmR+k3RIqrjshVHA08103eiw/Ju":{"chainKey":{"counter":2,"key":"qgEhusO7eyYuc/Wi/haXuXI7t2IlHPbripZp3xq/yLg="},"chainType":2,"messageKeys":{}},"BcIjpza1QfuqwCde+VW2Nu7fvKer5lM7FgCfJT7ygZEN":{"chainKey":{"counter":-1,"key":"do0FSwEYGPliUJYme42alKgXm1cmF6QE4mR/kVaQuGI="},"chainType":1,"messageKeys":{}}}},"BepE3eqJ2eVbGxGe18DKfqrmuAoezc+4HNFvTCVh8vZb":{"registrationId":694417120,"currentRatchet":{"ephemeralKeyPair":{"pubKey":"BXVQxSpWdDrWv2aJRgwBijGG0RzdiHSQVRim6ptLXr4N","privKey":"4PHf8eZ+/OZBLKj7FtQkK/ikS2m1bgLlkVcjzM8dbH4="},"lastRemoteEphemeralKey":"BdTGjVYhzvnVAZj1eHkeM5fH52L4JhfjB3F5UuIMYwVC","previousCounter":0,"rootKey":"83j7m1SaevNJvP3VfvANgSX1fzaFJ066q+0c+b5o3HY="},"indexInfo":{"baseKey":"BepE3eqJ2eVbGxGe18DKfqrmuAoezc+4HNFvTCVh8vZb","baseKeyType":1,"closed":1717553354243,"used":1717553347169,"created":1717553347169,"remoteIdentityKey":"BWroajcV0wYvrddxUiBQdyoF+D3TrosXA/gxG2YrmYwy"},"_chains":{"BXVQxSpWdDrWv2aJRgwBijGG0RzdiHSQVRim6ptLXr4N":{"chainKey":{"counter":1,"key":"4aI9TQygMUfAA48Nfkwv0zTqkl/oj0+jUaw+tcsb9+Q="},"chainType":1,"messageKeys":{}}},"pendingPreKey":{"signedKeyId":7,"baseKey":"BepE3eqJ2eVbGxGe18DKfqrmuAoezc+4HNFvTCVh8vZb","preKeyId":12731114}},"BRiTAbyRy5Fzvh7+si2nU21G026vmO+LLiWoLAn6EdQ9":{"registrationId":694417120,"currentRatchet":{"ephemeralKeyPair":{"pubKey":"BUmofEvYxeV5Fz+DfACR7Yi9bh3vvA8B1Sawbn1Bim5G","privKey":"wEMjtAc/OEfptG04fsXfn2urf+jFKp6q0EcpDwkjTl4="},"lastRemoteEphemeralKey":"BVD3OdX7HH6OdOk+bR+FfCQ6ghcRjTV9eoJtPR+eJWs6","previousCounter":2,"rootKey":"WATjBzYrp6PwEdGVmTOb0ytSGqWTwjSngYk5t0vxkcc="},"indexInfo":{"baseKey":"BRiTAbyRy5Fzvh7+si2nU21G026vmO+LLiWoLAn6EdQ9","baseKeyType":1,"closed":-1,"used":1717623340044,"created":1717553354241,"remoteIdentityKey":"BWroajcV0wYvrddxUiBQdyoF+D3TrosXA/gxG2YrmYwy"},"_chains":{"BVD3OdX7HH6OdOk+bR+FfCQ6ghcRjTV9eoJtPR+eJWs6":{"chainKey":{"counter":0,"key":"wJfgleKZQAAzugmqEvZhcXpO72QVlH2oNYB4ecb3FPI="},"chainType":2,"messageKeys":{}},"BUmofEvYxeV5Fz+DfACR7Yi9bh3vvA8B1Sawbn1Bim5G":{"chainKey":{"counter":2,"key":"Yr/8hvKkm3HdIsFJySrVkTWhnD0LC2wq61DCzco9h6w="},"chainType":1,"messageKeys":{}}}}},"version":"v1"}