{"_sessions":{"BWesAzmCAWfCSYvW4Fh577xU5gAxW+2ZnR6ASNBljP9W":{"registrationId":232,"currentRatchet":{"ephemeralKeyPair":{"pubKey":"BYRnpfUpPz62cToouR6jBdLD/TKSMCok59x5UQPwB+gR","privKey":"WL4c+99i6Kqdvu8O3Y1kA0VPoyAbStGbWy0if4juoEk="},"lastRemoteEphemeralKey":"BWhGXtfFEUhpdrJrwmsHxMzh27leqmT7onLKYKQfeQlo","previousCounter":0,"rootKey":"SJnJRBOnEDmhzrwVII72zZdH3K99/w3KL6lHUbWE2fI="},"indexInfo":{"baseKey":"BWesAzmCAWfCSYvW4Fh577xU5gAxW+2ZnR6ASNBljP9W","baseKeyType":1,"closed":1717542675777,"used":1717542675503,"created":1717542675503,"remoteIdentityKey":"BSQzlP9AMyEwbx5l2hYmRSyh1ajGGbBw5sQ+JmqVUoRl"},"_chains":{"BYRnpfUpPz62cToouR6jBdLD/TKSMCok59x5UQPwB+gR":{"chainKey":{"counter":0,"key":"0OlHNQ0Gz/6MEt2QDO+iHP3P/BJeYMfNtOQkJT7+KGI="},"chainType":1,"messageKeys":{}}},"pendingPreKey":{"signedKeyId":1,"baseKey":"BWesAzmCAWfCSYvW4Fh577xU5gAxW+2ZnR6ASNBljP9W","preKeyId":83}},"BQxwSjUPWQAvHUpLlRQ4oyHodD3rsiwagTMZrl+7L1dw":{"registrationId":232,"currentRatchet":{"ephemeralKeyPair":{"pubKey":"BVkVSbTQEGkF485DB1A/ZLBYNCpMcjcrty6IZOsTag8x","privKey":"UBzkpy4ZAOkt62Q3TJcATrxUt8kZ0ObwEYuhOy4flHg="},"lastRemoteEphemeralKey":"BZimYxmP/VMZsur8y+l40/a4VCHwBOSay6Ydvt369hIv","previousCounter":0,"rootKey":"lR/IuR7LuKZieR+Ycnea3BukarFMm5+vlpXjNLWI5ew="},"indexInfo":{"baseKey":"BQxwSjUPWQAvHUpLlRQ4oyHodD3rsiwagTMZrl+7L1dw","baseKeyType":2,"closed":1717586212472,"used":1717542675787,"created":1717542675787,"remoteIdentityKey":"BSQzlP9AMyEwbx5l2hYmRSyh1ajGGbBw5sQ+JmqVUoRl"},"_chains":{"BZimYxmP/VMZsur8y+l40/a4VCHwBOSay6Ydvt369hIv":{"chainKey":{"counter":0,"key":"KCpyawC/rkEsKJ7PEwXSLvGlLLcAFo11XgKBd+I3YFM="},"chainType":2,"messageKeys":{}},"BVkVSbTQEGkF485DB1A/ZLBYNCpMcjcrty6IZOsTag8x":{"chainKey":{"counter":1,"key":"cZKhGPf7Qs7ahD4uTeZnTPyvLYLFy579Z6O28aqalFA="},"chainType":1,"messageKeys":{}}}},"BRnJkiRmLfVzb/ZDhJoARM2TKdMfKsf0AQ0FPL0Bino9":{"registrationId":232,"currentRatchet":{"ephemeralKeyPair":{"pubKey":"BYIxyls4h0rbUJiNgCVynZUAvX5FhfBtTeJ2/0YKVZ4/","privKey":"aGZXBFaTNh1/TuACidnIHjtfDaX9YhtzZ+dlkbNRcFo="},"lastRemoteEphemeralKey":"BWhGXtfFEUhpdrJrwmsHxMzh27leqmT7onLKYKQfeQlo","previousCounter":0,"rootKey":"AXgpvtiC6459XJkMcvqpqWyI7omGa1obCmPcCrHtK8E="},"indexInfo":{"baseKey":"BRnJkiRmLfVzb/ZDhJoARM2TKdMfKsf0AQ0FPL0Bino9","baseKeyType":1,"closed":-1,"used":1717586212469,"created":1717586212469,"remoteIdentityKey":"BSQzlP9AMyEwbx5l2hYmRSyh1ajGGbBw5sQ+JmqVUoRl"},"_chains":{"BYIxyls4h0rbUJiNgCVynZUAvX5FhfBtTeJ2/0YKVZ4/":{"chainKey":{"counter":0,"key":"udpWIDmzalFiNIeUOoajr903Vn2+HDUJh9DpzEJLIuA="},"chainType":1,"messageKeys":{}}},"pendingPreKey":{"signedKeyId":1,"baseKey":"BRnJkiRmLfVzb/ZDhJoARM2TKdMfKsf0AQ0FPL0Bino9","preKeyId":82}}},"version":"v1"}