{"_sessions":{"BbH7O9iMA10P+5IMiBXHjAcbUrErTQ2m+FkulxDMEjcL":{"registrationId":1347065975,"currentRatchet":{"ephemeralKeyPair":{"pubKey":"BaYVH29Ix2LWD3aHq+AttrXPRB2kg4eQ4w+2koz/1l4m","privKey":"aAIntKEweRnIGNcNXEyYCnOnv3U+wXoOFA6NuDdxFEI="},"lastRemoteEphemeralKey":"BRTu1uWbI9L9DlW9Hod1JzJIiQuSTJlRnY4yc/+q++Nb","previousCounter":0,"rootKey":"zXyLjdOcTTcveKd4T8MUJvDSQlyPYh4h/IodJzWR1LQ="},"indexInfo":{"baseKey":"BbH7O9iMA10P+5IMiBXHjAcbUrErTQ2m+FkulxDMEjcL","baseKeyType":2,"closed":1717542676185,"used":1717537914345,"created":1717537914345,"remoteIdentityKey":"BcU1s6GvuwmgKX0kGoJYSmhH0AletnD6JdsGSy+4MkMF"},"_chains":{"BRTu1uWbI9L9DlW9Hod1JzJIiQuSTJlRnY4yc/+q++Nb":{"chainKey":{"counter":8,"key":"Rc56BGaixmfXXo0cM1G7J9GPivG9/6vGultN7joqXI4="},"chainType":2,"messageKeys":{}},"BaYVH29Ix2LWD3aHq+AttrXPRB2kg4eQ4w+2koz/1l4m":{"chainKey":{"counter":60,"key":"88N8OT1F73otgmnjSAHmhGlCJFT9piD9PYgL3wkWufY="},"chainType":1,"messageKeys":{}}}},"BcCpBraM15NKU/fQLkQ61V5/bb7mWjY+h3cAlM9CIigz":{"registrationId":1347065975,"currentRatchet":{"ephemeralKeyPair":{"pubKey":"BawE8NHfG2/3Aby5vOnD3Y2UCq1NJqftNDMv/QpfFKUq","privKey":"oASLOPxQNQWAfQ+mbxWqixik7U+VbtFQbeLhiMLu9V8="},"lastRemoteEphemeralKey":"BYOjaVw9ULDDuRkn4jSqUyYeOfHoi/ABEwtk+WCo2Qw7","previousCounter":0,"rootKey":"1nVhPrpf1KCjPhAPf0USJaYTVClHiQL7wa0wyKJVoDo="},"indexInfo":{"baseKey":"BcCpBraM15NKU/fQLkQ61V5/bb7mWjY+h3cAlM9CIigz","baseKeyType":1,"closed":1717553348264,"used":1717542676184,"created":1717542676184,"remoteIdentityKey":"BcU1s6GvuwmgKX0kGoJYSmhH0AletnD6JdsGSy+4MkMF"},"_chains":{"BawE8NHfG2/3Aby5vOnD3Y2UCq1NJqftNDMv/QpfFKUq":{"chainKey":{"counter":68,"key":"7xObtvd23P/OY9d6lGUzNue6J9h6zyb+wCbvwi0VJYc="},"chainType":1,"messageKeys":{}}},"pendingPreKey":{"signedKeyId":4,"baseKey":"BcCpBraM15NKU/fQLkQ61V5/bb7mWjY+h3cAlM9CIigz","preKeyId":9850715}},"BW8LLy0SzICV2zeUJXfpnwBOaBWr7JB0+6+sACGuWlBF":{"registrationId":1347065975,"currentRatchet":{"ephemeralKeyPair":{"pubKey":"BURXBn1ho1rJRwqNf8bv3y8Bzp5LDSKYPuRMMa2mkC4g","privKey":"OM3PAsnjWWPM1GCkGhvVDja/j7+kLdUug31qrXSZSVc="},"lastRemoteEphemeralKey":"BYOjaVw9ULDDuRkn4jSqUyYeOfHoi/ABEwtk+WCo2Qw7","previousCounter":0,"rootKey":"ka/KTOy/qYlfS9PIFBUNgphhyhzrWsVzEDC9vyMW2/w="},"indexInfo":{"baseKey":"BW8LLy0SzICV2zeUJXfpnwBOaBWr7JB0+6+sACGuWlBF","baseKeyType":1,"closed":1717553355182,"used":1717553348262,"created":1717553348262,"remoteIdentityKey":"BcU1s6GvuwmgKX0kGoJYSmhH0AletnD6JdsGSy+4MkMF"},"_chains":{"BURXBn1ho1rJRwqNf8bv3y8Bzp5LDSKYPuRMMa2mkC4g":{"chainKey":{"counter":1,"key":"lWbCjLbsCoDdCKaFN1QlAy8kjp+JBPqT7ZtQhZRBa4U="},"chainType":1,"messageKeys":{}}},"pendingPreKey":{"signedKeyId":4,"baseKey":"BW8LLy0SzICV2zeUJXfpnwBOaBWr7JB0+6+sACGuWlBF","preKeyId":9851487}},"BR/97aPfbwYJwFp415GHb+G0k0hZNZy2FDlT+kM+454p":{"registrationId":1347065975,"currentRatchet":{"ephemeralKeyPair":{"pubKey":"BUgDxdfcBCFBxuCpWZXzKtJ3Uen8oR0mSg9WTcUOGUEg","privKey":"oIzdmhcMj3a2J1pbRotOF42nKPvcpZRY8MLxbEHGmEA="},"lastRemoteEphemeralKey":"BYOjaVw9ULDDuRkn4jSqUyYeOfHoi/ABEwtk+WCo2Qw7","previousCounter":0,"rootKey":"giy1EsbYSvv/m1BvILDRsyhDZuNNjMUGrqcGvD2HsUE="},"indexInfo":{"baseKey":"BR/97aPfbwYJwFp415GHb+G0k0hZNZy2FDlT+kM+454p","baseKeyType":1,"closed":-1,"used":1717553355180,"created":1717553355180,"remoteIdentityKey":"BcU1s6GvuwmgKX0kGoJYSmhH0AletnD6JdsGSy+4MkMF"},"_chains":{"BUgDxdfcBCFBxuCpWZXzKtJ3Uen8oR0mSg9WTcUOGUEg":{"chainKey":{"counter":4,"key":"5Uyz4F/YcygkTKFJMkJxbF4kzntWPIi7DT8fbIMcodA="},"chainType":1,"messageKeys":{}}},"pendingPreKey":{"signedKeyId":4,"baseKey":"BR/97aPfbwYJwFp415GHb+G0k0hZNZy2FDlT+kM+454p","preKeyId":9851378}}},"version":"v1"}