[
  {
    "name": "Rabs",
    "command": "deletename",
    "query": "@6282239379908",
    "time": "11:03:05",
    "number": "6281523772093",
    "group": "ELAINA BOT 🤖"
  },
  {
    "name": "Rabs",
    "command": "name",
    "query": "@6282239379908 diams",
    "time": "11:03:18",
    "number": "6281523772093",
    "group": "ELAINA BOT 🤖"
  },
  {
    "name": "JHNNY STORE",
    "command": "name",
    "query": "@6281523772093 diams",
    "time": "11:04:36",
    "number": "6282239379908",
    "group": "ELAINA BOT 🤖"
  },
  {
    "name": "JHNNY STORE",
    "command": "name",
    "query": "@6281523772093 oper",
    "time": "11:04:47",
    "number": "6282239379908",
    "group": "ELAINA BOT 🤖"
  },
  {
    "name": "Rabs",
    "command": "muliasa",
    "query": "",
    "time": "11:05:37",
    "number": "6281523772093",
    "group": "ELAINA BOT 🤖"
  },
  {
    "name": "JHNNY STORE",
    "command": "muliasa",
    "query": "",
    "time": "11:06:10",
    "number": "6282239379908",
    "group": "ELAINA BOT 🤖"
  },
  {
    "name": "JHNNY STORE",
    "command": "muliasa",
    "query": "",
    "time": "11:07:36",
    "number": "6282239379908",
    "group": "ELAINA BOT 🤖"
  },
  {
    "name": "JHNNY STORE",
    "command": "muliasa",
    "query": "",
    "time": "11:07:57",
    "number": "6282239379908",
    "group": "ELAINA BOT 🤖"
  },
  {
    "name": "Rabs",
    "command": "muliasa",
    "query": "",
    "time": "11:09:32",
    "number": "6281523772093",
    "group": "ELAINA BOT 🤖"
  },
  {
    "name": "Rabs",
    "command": "muliasa",
    "query": "",
    "time": "11:11:02",
    "number": "6281523772093",
    "group": "ELAINA BOT 🤖"
  }
]